{
  "idx": "ff_real_02",
  "dataset": "ff",
  "label": 0,
  "image_path": "preprocessed_faces/original/actors/c23/10__walk_down_hall_angry/frame_0021.jpg",
  "probs": {
    "v7": 0.05552460253238678,
    "v8": 0.009216691367328167,
    "v10": 0.1447131633758545,
    "ensemble": 0.043273016810417175
  },
  "v8_se": {
    "rgb_gate_mean": 0.13678579032421112,
    "freq_gate_mean": 0.15994055569171906,
    "rgb_share": 0.46098296191024646,
    "freq_share": 0.5390170347196449
  },
  "regions": {
    "v7": [
      [
        "우하(턱)",
        0.3625965951756018
      ],
      [
        "우중(광대)",
        0.17313596731196026
      ],
      [
        "좌하(턱)",
        0.12826981789444247
      ]
    ],
    "v10": [
      [
        "우상(이마)",
        0.2317280060622868
      ],
      [
        "우하(턱)",
        0.22691074945866824
      ],
      [
        "좌상(이마)",
        0.1642997393811802
      ]
    ],
    "v8_rgb": [
      [
        "우상(이마)",
        0.6772452067726535
      ],
      [
        "좌하(턱)",
        0.2041664742998323
      ],
      [
        "우하(턱)",
        0.09172845324308715
      ]
    ],
    "v8_freq": [
      [
        "우상(이마)",
        0.4761639666026349
      ],
      [
        "중하(입)",
        0.23290714037307264
      ],
      [
        "좌하(턱)",
        0.22461052559628972
      ]
    ]
  }
}