{
  "idx": "dfdc_fake_01",
  "dataset": "dfdc",
  "label": 1,
  "image_path": "preprocessed_faces/dfdc/fake/euavjxseoz/frame_0023.jpg",
  "probs": {
    "v7": 0.9091916084289551,
    "v8": 0.712948203086853,
    "v10": 0.770228385925293,
    "ensemble": 0.8137227892875671
  },
  "v8_se": {
    "rgb_gate_mean": 0.0528658926486969,
    "freq_gate_mean": 0.10002652555704117,
    "rgb_share": 0.3457718369774663,
    "freq_share": 0.6542281564819871
  },
  "regions": {
    "v7": [
      [
        "중앙(코)",
        0.377631293301623
      ],
      [
        "좌상(이마)",
        0.2067059336384525
      ],
      [
        "중상(눈)",
        0.1292344248989916
      ]
    ],
    "v10": [
      [
        "중앙(코)",
        0.3270223169610021
      ],
      [
        "좌중(광대)",
        0.2637149961865816
      ],
      [
        "중상(눈)",
        0.14090143560785134
      ]
    ],
    "v8_rgb": [
      [
        "우하(턱)",
        0.4298125204601983
      ],
      [
        "중하(입)",
        0.2060545190993396
      ],
      [
        "좌상(이마)",
        0.16405955824719506
      ]
    ],
    "v8_freq": [
      [
        "좌상(이마)",
        0.5125703621798641
      ],
      [
        "중앙(코)",
        0.151401830676805
      ],
      [
        "좌중(광대)",
        0.1114541095727268
      ]
    ]
  }
}