{
  "crop_scale": 1.0,
  "singles": {
    "v20": 0.7894736842105263,
    "v27": 0.9172932330827068,
    "v28": 0.656641604010025,
    "v29": 0.6591478696741855,
    "v31_genuine": 0.5864661654135338,
    "v32_genuine": 0.6566416040100251
  },
  "best_2way_v20v27": {
    "weights": {
      "v20": 0.05,
      "v27": 0.95
    },
    "auc": 0.9298245614035088,
    "thr": 0.0420868912137424,
    "acc": 0.9
  },
  "best_3way": {
    "models": [
      "v27",
      "v20",
      "v29"
    ],
    "weights": [
      0.85,
      0.1,
      0.05
    ],
    "auc": 0.93734335839599,
    "thr": 0.07828721923850634,
    "acc": 0.9
  }
}