{
  "n_total": 40,
  "n_real": 19,
  "n_fake": 21,
  "n_bootstrap": 1000,
  "seed": 42,
  "main": {
    "v20": {
      "auc_point": 0.8320802005012531,
      "auc_mean": 0.834901444691163,
      "auc_std": 0.0635775302889901,
      "ci_95_lo": 0.7042166353383459,
      "ci_95_hi": 0.9499283245993771,
      "ci_99_lo": 0.6419410860523393,
      "ci_99_hi": 0.9718774643009377,
      "n_valid_boot": 1000
    },
    "v27": {
      "auc_point": 0.6992481203007519,
      "auc_mean": 0.6998263719444601,
      "auc_std": 0.08106684074995994,
      "ci_95_lo": 0.5297384085213033,
      "ci_95_hi": 0.8491178393554218,
      "ci_99_lo": 0.47825592885375495,
      "ci_99_hi": 0.874702673992674,
      "n_valid_boot": 1000
    },
    "v20+v27_w0.25/0.75": {
      "auc_point": 0.8571428571428572,
      "auc_mean": 0.8589745430972325,
      "auc_std": 0.05645403076138724,
      "ci_95_lo": 0.7399837092731829,
      "ci_95_hi": 0.9565354633289416,
      "ci_99_lo": 0.6802892092278282,
      "ci_99_hi": 0.9772853535353535,
      "n_valid_boot": 1000
    }
  },
  "weight_sweep": {
    "w_v20=0.0": {
      "auc_point": 0.6992481203007519,
      "auc_mean": 0.6998263719444601,
      "auc_std": 0.08106684074995994,
      "ci_95_lo": 0.5297384085213033,
      "ci_95_hi": 0.8491178393554218,
      "ci_99_lo": 0.47825592885375495,
      "ci_99_hi": 0.874702673992674,
      "n_valid_boot": 1000
    },
    "w_v20=0.1": {
      "auc_point": 0.8195488721804511,
      "auc_mean": 0.8217451493029014,
      "auc_std": 0.06320221913826156,
      "ci_95_lo": 0.6777327099317988,
      "ci_95_hi": 0.9323558897243108,
      "ci_99_lo": 0.641918158567775,
      "ci_99_hi": 0.9574142085984192,
      "n_valid_boot": 1000
    },
    "w_v20=0.2": {
      "auc_point": 0.8521303258145363,
      "auc_mean": 0.8546065185505063,
      "auc_std": 0.05670620410834631,
      "ci_95_lo": 0.7343107769423559,
      "ci_95_hi": 0.9525511363636363,
      "ci_99_lo": 0.6848924067982456,
      "ci_99_hi": 0.9725238636363637,
      "n_valid_boot": 1000
    },
    "w_v20=0.25": {
      "auc_point": 0.8571428571428572,
      "auc_mean": 0.8589745430972325,
      "auc_std": 0.05645403076138724,
      "ci_95_lo": 0.7399837092731829,
      "ci_95_hi": 0.9565354633289416,
      "ci_99_lo": 0.6802892092278282,
      "ci_99_hi": 0.9772853535353535,
      "n_valid_boot": 1000
    },
    "w_v20=0.3": {
      "auc_point": 0.849624060150376,
      "auc_mean": 0.851424769515894,
      "auc_std": 0.05852857636045923,
      "ci_95_lo": 0.7293402777777777,
      "ci_95_hi": 0.952455357142857,
      "ci_99_lo": 0.6615909090909091,
      "ci_99_hi": 0.974760101010101,
      "n_valid_boot": 1000
    },
    "w_v20=0.4": {
      "auc_point": 0.8521303258145363,
      "auc_mean": 0.8541406954521737,
      "auc_std": 0.05797487539976299,
      "ci_95_lo": 0.7339685330654,
      "ci_95_hi": 0.9550089285714285,
      "ci_99_lo": 0.6716793878635984,
      "ci_99_hi": 0.9772738636363637,
      "n_valid_boot": 1000
    },
    "w_v20=0.5": {
      "auc_point": 0.8471177944862156,
      "auc_mean": 0.8494657380418978,
      "auc_std": 0.05962718585775534,
      "ci_95_lo": 0.7243107769423559,
      "ci_95_hi": 0.9545454545454545,
      "ci_99_lo": 0.6674898563544411,
      "ci_99_hi": 0.9750113636363636,
      "n_valid_boot": 1000
    },
    "w_v20=0.6": {
      "auc_point": 0.8421052631578947,
      "auc_mean": 0.844499424124518,
      "auc_std": 0.0614794999797969,
      "ci_95_lo": 0.7147040784420623,
      "ci_95_hi": 0.9545454545454545,
      "ci_99_lo": 0.6588174715909092,
      "ci_99_hi": 0.9739713541666667,
      "n_valid_boot": 1000
    },
    "w_v20=0.7": {
      "auc_point": 0.8320802005012531,
      "auc_mean": 0.834901444691163,
      "auc_std": 0.0635775302889901,
      "ci_95_lo": 0.7042166353383459,
      "ci_95_hi": 0.9499283245993771,
      "ci_99_lo": 0.6419410860523392,
      "ci_99_hi": 0.9718774643009378,
      "n_valid_boot": 1000
    },
    "w_v20=0.8": {
      "auc_point": 0.8320802005012531,
      "auc_mean": 0.834901444691163,
      "auc_std": 0.0635775302889901,
      "ci_95_lo": 0.7042166353383459,
      "ci_95_hi": 0.9499283245993771,
      "ci_99_lo": 0.6419410860523393,
      "ci_99_hi": 0.9718774643009378,
      "n_valid_boot": 1000
    },
    "w_v20=0.9": {
      "auc_point": 0.8320802005012531,
      "auc_mean": 0.834901444691163,
      "auc_std": 0.0635775302889901,
      "ci_95_lo": 0.7042166353383459,
      "ci_95_hi": 0.9499283245993771,
      "ci_99_lo": 0.6419410860523393,
      "ci_99_hi": 0.9718774643009378,
      "n_valid_boot": 1000
    },
    "w_v20=1.0": {
      "auc_point": 0.8320802005012531,
      "auc_mean": 0.834901444691163,
      "auc_std": 0.0635775302889901,
      "ci_95_lo": 0.7042166353383459,
      "ci_95_hi": 0.9499283245993771,
      "ci_99_lo": 0.6419410860523393,
      "ci_99_hi": 0.9718774643009377,
      "n_valid_boot": 1000
    }
  }
}