{
  "auc": {
    "stage1_avg": 0.757095440973979,
    "stage2_avg": 0.999999899537237,
    "v7": 0.692013137142378,
    "v8": 0.783594209774114,
    "v10": 0.7724939570930428,
    "v11": 0.9999994833343615,
    "v12": 0.999999856481767,
    "v13": 0.9999874995619106
  },
  "stage2_roc_after_stage1_pass": {
    "n": 13838,
    "n_real": 5131,
    "n_fake": 8707,
    "auc": 1.0,
    "youden_optimal": {
      "threshold": 0.5436346530914307,
      "tpr": 1.0,
      "fpr": 0.0
    },
    "fpr_1pct": {
      "threshold": 0.5436346530914307,
      "tpr": 1.0
    },
    "fpr_5pct": {
      "threshold": 0.5436346530914307,
      "tpr": 1.0
    }
  },
  "cascade_confusion_at_thresholds": {
    "s2_thr_0.5": {
      "tn": 5131,
      "fp": 627,
      "fn": 0,
      "tp": 12101,
      "acc": 0.9648916512682681,
      "f1": 0.9747472713359377,
      "bal_acc": 0.9455540118096561,
      "fpr": 0.10889197638068773,
      "tpr_recall": 1.0
    },
    "s2_thr_0.6": {
      "tn": 5131,
      "fp": 627,
      "fn": 2,
      "tp": 12099,
      "acc": 0.9647796629150568,
      "f1": 0.9746646795827123,
      "bal_acc": 0.9454713740111271,
      "fpr": 0.10889197638068773,
      "tpr_recall": 0.9998347244029419
    },
    "s2_thr_0.65": {
      "tn": 5131,
      "fp": 627,
      "fn": 12,
      "tp": 12089,
      "acc": 0.9642197211490005,
      "f1": 0.9742515211347061,
      "bal_acc": 0.9450581850184818,
      "fpr": 0.10889197638068773,
      "tpr_recall": 0.9990083464176515
    },
    "s2_thr_0.7": {
      "tn": 5131,
      "fp": 627,
      "fn": 107,
      "tp": 11994,
      "acc": 0.9589002743714654,
      "f1": 0.970309845481757,
      "bal_acc": 0.9411328895883522,
      "fpr": 0.10889197638068773,
      "tpr_recall": 0.9911577555573919
    },
    "s2_thr_0.75": {
      "tn": 5131,
      "fp": 627,
      "fn": 922,
      "tp": 11179,
      "acc": 0.9132650204378745,
      "f1": 0.9352072614715355,
      "bal_acc": 0.9074579866877654,
      "fpr": 0.10889197638068773,
      "tpr_recall": 0.9238079497562185
    },
    "s2_thr_0.8": {
      "tn": 5131,
      "fp": 627,
      "fn": 2972,
      "tp": 9129,
      "acc": 0.7984769583963268,
      "f1": 0.8353387930640069,
      "bal_acc": 0.822754243195492,
      "fpr": 0.10889197638068773,
      "tpr_recall": 0.7544004627716717
    }
  },
  "by_dataset": {
    "ff_real": {
      "n": 3958,
      "s1_avg_mean": 0.2215757817029953,
      "s2_avg_mean": 0.09409284591674805,
      "s1_avg_std": 0.19551798701286316,
      "s2_avg_std": 0.033491652458906174
    },
    "dfdc_real": {
      "n": 1800,
      "s1_avg_mean": 0.12964306771755219,
      "s2_avg_mean": 0.09330664575099945,
      "s1_avg_std": 0.17420777678489685,
      "s2_avg_std": 0.03142622485756874
    },
    "df40_fake": {
      "n": 12101,
      "s1_avg_mean": 0.36132949590682983,
      "s2_avg_mean": 0.8205397725105286,
      "s1_avg_std": 0.24654018878936768,
      "s2_avg_std": 0.05782228708267212
    }
  },
  "data": {
    "csv": "splits_v11_v2/test_v11.csv",
    "n_total": 17859
  }
}