{
  "method": "rank_normalize + mean",
  "best_combo": "v20+v27",
  "best_auc": 0.8619791666666667,
  "youden_thr": 0.4642857142857143,
  "all_combos": {
    "v20+v27": 0.8619791666666667,
    "v20+v24": 0.8177083333333334,
    "v20+v27+v24": 0.8385416666666666,
    "v20+v27+v24+v25": 0.8046875,
    "all 5": 0.7708333333333333
  }
}