{
  "exp1_detection_conf": {
    "conf_0.3": {
      "conf": 0.3,
      "auc": 0.8818367346938775
    },
    "conf_0.4": {
      "conf": 0.4,
      "auc": 0.8818367346938775
    },
    "conf_0.5": {
      "conf": 0.5,
      "auc": 0.8818367346938775
    }
  },
  "exp2_v26": {
    "v24(0.2)+v25(0.5)+v29(0.3)": {
      "weights": {
        "v24": 0.2,
        "v25": 0.5,
        "v29": 0.3
      },
      "auc": 0.8818367346938775
    },
    "v24(0.2)+v25(0.4)+v26(0.1)+v29(0.3)": {
      "weights": {
        "v24": 0.2,
        "v25": 0.4,
        "v26": 0.1,
        "v29": 0.3
      },
      "auc": 0.8757142857142858
    },
    "v24(0.2)+v25(0.3)+v26(0.2)+v29(0.3)": {
      "weights": {
        "v24": 0.2,
        "v25": 0.3,
        "v26": 0.2,
        "v29": 0.3
      },
      "auc": 0.8683673469387755
    },
    "v24(0.15)+v25(0.5)+v26(0.1)+v29(0.25)": {
      "weights": {
        "v24": 0.15,
        "v25": 0.5,
        "v26": 0.1,
        "v29": 0.25
      },
      "auc": 0.8744897959183673
    },
    "v24(0.3)+v25(0.5)+v26(0.2)": {
      "weights": {
        "v24": 0.3,
        "v25": 0.5,
        "v26": 0.2
      },
      "auc": 0.8524489795918369
    },
    "v24(0.2)+v25(0.5)+v26(0.3)": {
      "weights": {
        "v24": 0.2,
        "v25": 0.5,
        "v26": 0.3
      },
      "auc": 0.8436734693877551
    },
    "v25(0.5)+v26(0.2)+v29(0.3)": {
      "weights": {
        "v25": 0.5,
        "v26": 0.2,
        "v29": 0.3
      },
      "auc": 0.8620408163265306
    },
    "v25(0.6)+v26(0.2)+v29(0.2)": {
      "weights": {
        "v25": 0.6,
        "v26": 0.2,
        "v29": 0.2
      },
      "auc": 0.8575510204081632
    }
  },
  "exp3_fine_grid": {
    "best": {
      "weights": {
        "v24": 0.2,
        "v25": 0.55,
        "v29": 0.25
      },
      "auc": 0.8822448979591837
    },
    "all": {
      "0.05/0.1/0.85": 0.849591836734694,
      "0.05/0.15/0.8": 0.8538775510204082,
      "0.05/0.2/0.75": 0.8593877551020407,
      "0.05/0.25/0.7": 0.8610204081632653,
      "0.05/0.3/0.65": 0.8659183673469387,
      "0.05/0.35/0.6": 0.866938775510204,
      "0.05/0.4/0.55": 0.8673469387755102,
      "0.05/0.45/0.5": 0.8693877551020408,
      "0.05/0.5/0.45": 0.8708163265306123,
      "0.05/0.55/0.4": 0.8738775510204081,
      "0.05/0.6/0.35": 0.8785714285714286,
      "0.05/0.65/0.3": 0.8791836734693877,
      "0.05/0.7/0.25": 0.8791836734693877,
      "0.05/0.75/0.2": 0.8738775510204081,
      "0.05/0.8/0.15": 0.8665306122448979,
      "0.05/0.85/0.1": 0.860204081632653,
      "0.1/0.05/0.85": 0.8557142857142858,
      "0.1/0.1/0.8": 0.860408163265306,
      "0.1/0.15/0.75": 0.8636734693877551,
      "0.1/0.2/0.7": 0.866938775510204,
      "0.1/0.25/0.65": 0.8679591836734694,
      "0.1/0.3/0.6": 0.8689795918367347,
      "0.1/0.35/0.55": 0.8702040816326531,
      "0.1/0.4/0.5": 0.8712244897959184,
      "0.1/0.45/0.45": 0.873469387755102,
      "0.1/0.5/0.4": 0.8771428571428571,
      "0.1/0.55/0.35": 0.8785714285714286,
      "0.1/0.6/0.3": 0.88,
      "0.1/0.65/0.25": 0.8814285714285715,
      "0.1/0.7/0.2": 0.876326530612245,
      "0.1/0.75/0.15": 0.8724489795918366,
      "0.1/0.8/0.1": 0.8673469387755102,
      "0.1/0.85/0.05": 0.856326530612245,
      "0.15/0.05/0.8": 0.8642857142857143,
      "0.15/0.1/0.75": 0.8675510204081631,
      "0.15/0.15/0.7": 0.8691836734693877,
      "0.15/0.2/0.65": 0.870408163265306,
      "0.15/0.25/0.6": 0.8712244897959183,
      "0.15/0.3/0.55": 0.8718367346938775,
      "0.15/0.35/0.5": 0.8728571428571429,
      "0.15/0.4/0.45": 0.8748979591836734,
      "0.15/0.45/0.4": 0.8775510204081632,
      "0.15/0.5/0.35": 0.8789795918367348,
      "0.15/0.55/0.3": 0.8814285714285715,
      "0.15/0.6/0.25": 0.8816326530612245,
      "0.15/0.65/0.2": 0.8775510204081632,
      "0.15/0.7/0.15": 0.8753061224489795,
      "0.15/0.75/0.1": 0.8687755102040816,
      "0.15/0.8/0.05": 0.8622448979591837,
      "0.2/0.05/0.75": 0.8681632653061223,
      "0.2/0.1/0.7": 0.87,
      "0.2/0.15/0.65": 0.8716326530612245,
      "0.2/0.2/0.6": 0.8714285714285714,
      "0.2/0.25/0.55": 0.8708163265306123,
      "0.2/0.3/0.5": 0.8724489795918368,
      "0.2/0.35/0.45": 0.8759183673469387,
      "0.2/0.4/0.4": 0.8781632653061224,
      "0.2/0.45/0.35": 0.8789795918367347,
      "0.2/0.5/0.3": 0.8818367346938775,
      "0.2/0.55/0.25": 0.8822448979591837,
      "0.2/0.6/0.2": 0.8783673469387755,
      "0.2/0.65/0.15": 0.8763265306122449,
      "0.2/0.7/0.1": 0.8693877551020408,
      "0.2/0.75/0.05": 0.8648979591836735,
      "0.25/0.05/0.7": 0.8704081632653061,
      "0.25/0.1/0.65": 0.8714285714285713,
      "0.25/0.15/0.6": 0.8712244897959183,
      "0.25/0.2/0.55": 0.8728571428571429,
      "0.25/0.25/0.5": 0.8744897959183673,
      "0.25/0.3/0.45": 0.8759183673469387,
      "0.25/0.35/0.4": 0.876938775510204,
      "0.25/0.4/0.35": 0.8783673469387755,
      "0.25/0.45/0.3": 0.8808163265306123,
      "0.25/0.5/0.25": 0.8818367346938776,
      "0.25/0.55/0.2": 0.8795918367346939,
      "0.25/0.6/0.15": 0.8773469387755102,
      "0.25/0.65/0.1": 0.8718367346938775,
      "0.25/0.7/0.05": 0.8659183673469387,
      "0.3/0.05/0.65": 0.8702040816326531,
      "0.3/0.1/0.6": 0.8720408163265306,
      "0.3/0.15/0.55": 0.8730612244897958,
      "0.3/0.2/0.5": 0.8746938775510203,
      "0.3/0.25/0.45": 0.8753061224489797,
      "0.3/0.3/0.4": 0.8775510204081632,
      "0.3/0.35/0.35": 0.8775510204081634,
      "0.3/0.4/0.3": 0.8793877551020408,
      "0.3/0.45/0.25": 0.8810204081632653,
      "0.3/0.5/0.2": 0.8793877551020408,
      "0.3/0.55/0.15": 0.8779591836734694,
      "0.3/0.6/0.1": 0.8740816326530613,
      "0.3/0.65/0.05": 0.8691836734693877,
      "0.35/0.05/0.6": 0.8718367346938776,
      "0.35/0.1/0.55": 0.873469387755102,
      "0.35/0.15/0.5": 0.8751020408163265,
      "0.35/0.2/0.45": 0.8759183673469387,
      "0.35/0.25/0.4": 0.8759183673469388,
      "0.35/0.3/0.35": 0.8785714285714286,
      "0.35/0.35/0.3": 0.8789795918367347,
      "0.35/0.4/0.25": 0.8812244897959184,
      "0.35/0.45/0.2": 0.88,
      "0.35/0.5/0.15": 0.8791836734693877,
      "0.35/0.55/0.1": 0.8736734693877551,
      "0.35/0.6/0.05": 0.869591836734694,
      "0.4/0.05/0.55": 0.873469387755102,
      "0.4/0.1/0.5": 0.8751020408163266,
      "0.4/0.15/0.45": 0.8751020408163265,
      "0.4/0.2/0.4": 0.8746938775510205,
      "0.4/0.25/0.35": 0.8763265306122449,
      "0.4/0.3/0.3": 0.8779591836734694,
      "0.4/0.35/0.25": 0.8797959183673469,
      "0.4/0.4/0.2": 0.8793877551020408,
      "0.4/0.45/0.15": 0.8795918367346939,
      "0.4/0.5/0.1": 0.8738775510204081,
      "0.4/0.55/0.05": 0.8704081632653061,
      "0.45/0.05/0.5": 0.873265306122449,
      "0.45/0.1/0.45": 0.8744897959183674,
      "0.45/0.15/0.4": 0.8746938775510203,
      "0.45/0.2/0.35": 0.8748979591836734,
      "0.45/0.25/0.3": 0.876938775510204,
      "0.45/0.3/0.25": 0.8787755102040816,
      "0.45/0.35/0.2": 0.8789795918367347,
      "0.45/0.4/0.15": 0.8785714285714286,
      "0.45/0.45/0.1": 0.8742857142857143,
      "0.45/0.5/0.05": 0.8714285714285714,
      "0.5/0.05/0.45": 0.8740816326530613,
      "0.5/0.1/0.4": 0.8738775510204082,
      "0.5/0.15/0.35": 0.8740816326530612,
      "0.5/0.2/0.3": 0.8761224489795918,
      "0.5/0.25/0.25": 0.8773469387755102,
      "0.5/0.3/0.2": 0.8785714285714286,
      "0.5/0.35/0.15": 0.8795918367346939,
      "0.5/0.4/0.1": 0.8744897959183674,
      "0.5/0.45/0.05": 0.8714285714285714,
      "0.55/0.05/0.4": 0.8740816326530613,
      "0.55/0.1/0.35": 0.8748979591836734,
      "0.55/0.15/0.3": 0.8753061224489797,
      "0.55/0.2/0.25": 0.8773469387755103,
      "0.55/0.25/0.2": 0.8783673469387755,
      "0.55/0.3/0.15": 0.8789795918367347,
      "0.55/0.35/0.1": 0.8763265306122449,
      "0.55/0.4/0.05": 0.873061224489796,
      "0.6/0.05/0.35": 0.8744897959183674,
      "0.6/0.1/0.3": 0.8738775510204081,
      "0.6/0.15/0.25": 0.8765306122448979,
      "0.6/0.2/0.2": 0.8787755102040816,
      "0.6/0.25/0.15": 0.8781632653061224,