{
  "thr_labels": [
    0,
    0,
    0,
    0,
    0,
    0,
    0,
    0,
    0,
    0,
    0,
    0,
    0,
    1,
    1,
    1,
    1,
    1,
    1,
    1,
    1,
    1,
    1,
    1,
    1,
    1,
    1,
    1,
    1
  ],
  "thr_scores": {
    "v7": [
      0.48606258630752563,
      0.20093302428722382,
      0.2865590751171112,
      0.6013680696487427,
      0.9526339769363403,
      0.053003355860710144,
      0.8938820362091064,
      0.9255470633506775,
      0.010507047176361084,
      0.9074330925941467,
      0.0239692535251379,
      0.985816240310669,
      0.048852913081645966,
      0.7013956904411316,
      0.1652265042066574,
      0.07508816570043564,
      0.017495224252343178,
      0.08247346244752407,
      0.0006864474271424115,
      0.14188642799854279,
      0.7913024425506592,
      0.012102163396775723,
      0.6695253849029541,
      0.010776771232485771,
      0.000635647214949131,
      0.0058286902494728565,
      0.003121137386187911,
      0.06029410660266876,
      0.0562586709856987
    ],
    "v8": [
      0.1484655886888504,
      0.20726683735847473,
      0.25902804732322693,
      0.2530187964439392,
      0.6089805364608765,
      0.06477314978837967,
      0.6031945943832397,
      0.5654940009117126,
      0.1690973937511444,
      0.7058877944946289,
      0.12251543253660202,
      0.7290907502174377,
      0.08450199663639069,
      0.35616010427474976,
      0.14284765720367432,
      0.21405012905597687,
      0.052055906504392624,
      0.1751607283949852,
      0.001640893635340035,
      0.06796791404485703,
      0.5094261169433594,
      0.029706871137022972,
      0.5997809171676636,
      0.05418797582387924,
      0.011273570358753204,
      0.017630401998758316,
      0.02381349727511406,
      0.02950496505945921,
      0.24095703661441803
    ],
    "v10": [
      0.1979401409626007,
      0.12541542947292328,
      0.21485550701618195,
      0.22073708474636078,
      0.3506225049495697,
      0.14639805257320404,
      0.5295702219009399,
      0.5235232710838318,
      0.12994351983070374,
      0.4630686938762665,
      0.15940599143505096,
      0.48405978083610535,
      0.12717917561531067,
      0.2547982335090637,
      0.19783486425876617,
      0.18003560602664948,
      0.12385984510183334,
      0.16983167827129364,
      0.10464552789926529,
      0.19115054607391357,
      0.7178628444671631,
      0.11645890027284622,
      0.4347200393676758,
      0.12181434035301208,
      0.09539617598056793,
      0.12240450829267502,
      0.11204265803098679,
      0.13776763528585434,
      0.1448059231042862
    ],
    "v15": [
      0.19348952174186707,
      0.28355470299720764,
      0.1672176569700241,
      0.7501285672187805,
      0.7405282258987427,
      0.03602674975991249,
      0.7416101098060608,
      0.7317759394645691,
      0.034356992691755295,
      0.6028652191162109,
      0.036241840571165085,
      0.7478513121604919,
      0.1092023104429245,
      0.4347841441631317,
      0.13927596807479858,
      0.19386817514896393,
      0.004293431527912617,
      0.07795831561088562,
      0.0003758627863135189,
      0.019957425072789192,
      0.2799612283706665,
      0.010183808393776417,
      0.22839075326919556,
      0.00889502465724945,
      0.0008777943439781666,
      0.0017327177338302135,
      0.006903517991304398,
      0.03648907598108053,
      0.10611789673566818
    ],
    "v16": [
      0.21331675350666046,
      0.062340814620256424,
      0.16333794593811035,
      0.46813809871673584,
      0.3999580442905426,
      0.06828510016202927,
      0.5244189500808716,
      0.527781069278717,
      0.04676612839102745,
      0.8280910849571228,
      0.2164405733346939,
      0.9807103276252747,
      0.05586858466267586,
      0.7392229437828064,
      0.028032464906573296,
      0.3067336976528168,
      0.026992401108145714,
      0.09047839418053627,
      0.0030071320943534374,
      0.11639029532670975,
      0.6903617978096008,
      0.04300990700721741,
      0.331096351146698,
      0.01538737490773201,
      0.0014880173839628696,
      0.004645158536732197,
      0.002686657477170229,
      0.0559934601187706,
      0.047489557415246964
    ],
    "v17": [
      0.32681283354759216,
      0.5472395420074463,
      0.24089783430099487,
      0.43324345350265503,
      0.3580979108810425,
      0.17849989235401154,
      0.6216748356819153,
      0.5849267840385437,
      0.20752835273742676,
      0.6041282415390015,
      0.17371268570423126,
      0.6547603607177734,
      0.2521595358848572,
      0.2770015597343445,
      0.5221830606460571,
      0.17354299128055573,
      0.13047052919864655,
      0.19254948943853378,
      0.11500757187604904,
      0.13424812257289886,
      0.5656852126121521,
      0.12706053256988525,
      0.3901677131652832,
      0.1684073954820633,
      0.10937503725290298,
      0.1263292133808136,
      0.11717129498720169,
      0.13182590901851654,
      0.15064924955368042
    ]
  },
  "eval_labels": [
    0,
    0,
    0,
    0,
    0,
    0,
    0,
    0,
    0,
    0,
    0,
    0,
    1,
    1,
    1,
    1,
    1,
    1,
    1,
    1,
    1,
    1,
    1,
    1,
    1,
    1,
    1,
    1
  ],
  "eval_scores": {
    "v7": [
      0.3282243311405182,
      0.6047335863113403,
      0.14664651453495026,
      0.35042744874954224,
      0.22045327723026276,
      0.14507870376110077,
      0.04023426026105881,
      0.9504649639129639,
      0.21564948558807373,
      0.07947982847690582,
      0.8024083375930786,
      0.9070509076118469,
      0.00267843808978796,
      0.0340469628572464,
      0.04582953080534935,
      0.027429454028606415,
      0.008806062862277031,
      0.2924526333808899,
      0.010947959497570992,
      0.12934032082557678,
      0.07858292013406754,
      0.009934921748936176,
      0.011833354830741882,
      0.9574839472770691,
      0.014755762182176113,
      0.013634712435305119,
      0.9654980301856995,
      0.9524620175361633
    ],
    "v8": [
      0.07261012494564056,
      0.7207512855529785,
      0.19517803192138672,
      0.16926074028015137,
      0.24258767068386078,
      0.1510726660490036,
      0.20028677582740784,
      0.662817656993866,
      0.1259309947490692,
      0.051529478281736374,
      0.6575654745101929,
      0.03013971447944641,
      0.005813017021864653,
      0.052737314254045486,
      0.04094914719462395,
      0.037509918212890625,
      0.030110666528344154,
      0.07110071182250977,
      0.019880449399352074,
      0.08308341354131699,
      0.035724762827157974,
      0.016610996797680855,
      0.20099523663520813,
      0.9670811295509338,
      0.0841347724199295,
      0.08702824264764786,
      0.4393860995769501,
      0.36740684509277344
    ],
    "v10": [
      0.16680388152599335,
      0.5137303471565247,
      0.18139375746250153,
      0.13054946064949036,
      0.239039346575737,
      0.23216591775417328,
      0.13706772029399872,
      0.5542817711830139,
      0.20991134643554688,
      0.13401362299919128,
      0.5584102272987366,
      0.1958916038274765,
      0.13108943402767181,
      0.12062952667474747,
      0.14339923858642578,
      0.14743930101394653,
      0.12929405272006989,
      0.13031958043575287,
      0.12301499396562576,
      0.15265797078609467,
      0.15525810420513153,
      0.12540414929389954,
      0.23032055795192719,
      0.4685409963130951,
      0.2195388674736023,
      0.1331561952829361,
      0.644207775592804,
      0.6127327680587769
    ],