{
  "thr_search": {
    "labels": [
      0,
      0,
      0,
      0,
      0,
      0,
      0,
      0,
      0,
      0,
      0,
      0,
      0,
      1,
      1,
      1,
      1,
      1,
      1,
      1,
      1,
      1,
      1,
      1,
      1,
      1,
      1,
      1,
      1
    ],
    "scores": {
      "v20": [
        0.7049611806869507,
        0.3169252276420593,
        0.6290382742881775,
        0.6900303363800049,
        0.5257813334465027,
        0.52037113904953,
        0.676809549331665,
        0.47818344831466675,
        0.4797774851322174,
        0.42203962802886963,
        0.5813653469085693,
        0.6921955943107605,
        0.602922797203064,
        0.49532508850097656,
        0.7305907607078552,
        0.529350221157074,
        0.5918264985084534,
        0.3906799852848053,
        0.7427117228507996,
        0.5139965415000916,
        0.7834470272064209,
        0.6707302331924438,
        0.6645925641059875,
        0.7429096102714539,
        0.708876371383667,
        0.7123641967773438,
        0.736939549446106,
        0.6448459029197693,
        0.47019800543785095
      ],
      "v24": [
        0.0006454357644543052,
        0.0001836561568779871,
        0.004994962830096483,
        0.005584409460425377,
        0.0030030878260731697,
        0.004851713310927153,
        0.0008152203517965972,
        0.0006541190668940544,
        0.0006756876828148961,
        0.0008283912320621312,
        0.0009556786390021443,
        0.006550214719027281,
        0.00047180065303109586,
        0.0008503910503350198,
        0.004370080307126045,
        0.0005369620048440993,
        0.0018705218099057674,
        0.0020100807887502015,
        0.0125706996768713,
        0.0003206856781616807,
        0.004108611959964037,
        0.003962887451052666,
        0.0027442192658782005,
        0.0036554327234625816,
        0.03618901968002319,
        0.0014712086413055658,
        0.017510950565338135,
        0.001563158875796944,
        0.0011757408501580358
      ],
      "v25": [
        0.010879233479499817,
        0.006535923108458519,
        0.02161424793303013,
        0.024584466591477394,
        0.039313219487667084,
        0.015277345664799213,
        0.015097097493708134,
        0.017760513350367546,
        0.009834340773522854,
        0.014536632224917412,
        0.007766416762024164,
        0.01704489439725876,
        0.009532672353088856,
        0.011027893982827663,
        0.020910894498229027,
        0.007265700493007898,
        0.018280860036611557,
        0.019622369669377804,
        0.019467735663056374,
        0.006138604134321213,
        0.019805101677775383,
        0.01184114720672369,
        0.01135222241282463,
        0.016042450442910194,
        0.02683686465024948,
        0.009221010841429234,
        0.0285841953009367,
        0.009766738396137953,
        0.011676626279950142
      ],
      "v26": [
        0.002842693356797099,
        0.0024464756716042757,
        0.0037817659322172403,
        0.007367265876382589,
        0.02056588977575302,
        0.0066208913922309875,
        0.008497864939272404,
        0.008531518280506134,
        0.003973054699599743,
        0.006130138412117958,
        0.00723400991410017,
        0.009978754445910454,
        0.003158851061016321,
        0.003389208111912012,
        0.006400093901902437,
        0.005166774615645409,
        0.007083917036652565,
        0.007438277825713158,
        0.004834757186472416,
        0.002868552226573229,
        0.009925901889801025,
        0.006670886650681496,
        0.006028391420841217,
        0.006170912645757198,
        0.015835266560316086,
        0.0015828768955543637,
        0.009115760214626789,
        0.0035865989048033953,
        0.0046972353011369705
      ]
    }
  },
  "eval": {
    "labels": [
      0,
      0,
      0,
      0,
      0,
      0,
      0,
      0,
      0,
      0,
      0,
      0,
      1,
      1,
      1,
      1,
      1,
      1,
      1,
      1,
      1,
      1,
      1,
      1,
      1,
      1,
      1,
      1
    ],
    "scores": {
      "v20": [
        0.6616759300231934,
        0.4256264865398407,
        0.659717321395874,
        0.5744852423667908,
        0.7035204768180847,
        0.36070406436920166,
        0.5627439618110657,
        0.4797752797603607,
        0.628426194190979,
        0.3462347090244293,
        0.5940799713134766,
        0.6645175814628601,
        0.6988950371742249,
        0.5392748117446899,
        0.6477125287055969,
        0.7396273612976074,
        0.6712504029273987,
        0.7012348175048828,
        0.6974186897277832,
        0.5069774985313416,
        0.7523975968360901,
        0.7634789943695068,
        0.8415614366531372,
        0.7017200589179993,
        0.6395764350891113,
        0.6382185816764832,
        0.8314415216445923,
        0.6816285848617554
      ],
      "v24": [
        0.023135891184210777,
        0.0005255064461380243,
        0.0012052296660840511,
        0.0016632630722597241,
        0.1378956139087677,
        0.0002708120155148208,
        0.00025173916947096586,
        0.0020230156369507313,
        0.000259180465945974,
        0.000519145280122757,
        0.219941645860672,
        0.0020571276545524597,
        0.5884386897087097,
        0.0010137805948033929,
        0.001608681515790522,
        0.003568683983758092,
        0.01873180828988552,
        0.002594788558781147,
        0.0015910199144855142,
        0.0006847717450000346,
        0.003242259845137596,
        0.9750494956970215,
        0.6608332991600037,
        0.004902697168290615,
        0.0055132522247731686,
        0.366807758808136,
        0.018495865166187286,
        0.958132266998291
      ],
      "v25": [
        0.024739382788538933,
        0.004789094906300306,
        0.017087897285819054,
        0.01228513102978468,
        0.05695145204663277,
        0.009372269734740257,
        0.0070785703137516975,
        0.03388029709458351,
        0.006809534505009651,
        0.006409124471247196,
        0.04856930300593376,
        0.016098108142614365,
        0.031018102541565895,
        0.011235487647354603,
        0.018898246809840202,
        0.01467799860984087,
        0.020495867356657982,
        0.01337701827287674,
        0.010390618816018105,
        0.011080307886004448,
        0.01274393405765295,
        0.6502498984336853,
        0.14766532182693481,
        0.030613934621214867,
        0.01233623456209898,
        0.07285287976264954,
        0.02992178685963154,
        0.4198128581047058
      ],
      "v26": [
        0.009905590675771236,
        0.0020205776672810316,
        0.006914121098816395,
        0.004233374260365963,
        0.02815665490925312,
        0.003809525165706873,
        0.002054990967735648,
        0.018706396222114563,
        0.002413709880784154,
        0.0020385647658258677,
        0.3794477581977844,
        0.00537916412577033,
        0.008357493206858635,
        0.004292053636163473,
        0.006539704278111458,
        0.006225306075066328,
        0.00479217991232872,
        0.0055248853750526905,
        0.0018683597445487976,
        0.0033535363618284464,
        0.004961910657584667,
        0.7408291697502136,
        0.2761264145374298,
        0.008341744542121887,
        0.007302978541702032,
        0.029577847570180893,
        0.04092515632510185,
        0.6310373544692993
      ]
    }
  },
  "thresholds": {
    "v20": 0.708876371383667,
    "v24": 0.0011757408501580358,
    "v25": 0.018280860036611557,
    "v26": 0.0046972353011369705
  }
}