{
  "thr_search": {
    "labels": [
      0,
      0,
      0,
      0,
      0,
      0,
      0,
      0,
      0,
      0,
      0,
      0,
      0,
      1,
      1,
      1,
      1,
      1,
      1,
      1,
      1,
      1,
      1,
      1,
      1,
      1,
      1,
      1,
      1
    ],
    "scores": {
      "v20": [
        0.7049611806869507,
        0.3169252276420593,
        0.6290382742881775,
        0.6900303363800049,
        0.5257813334465027,
        0.52037113904953,
        0.676809549331665,
        0.47818344831466675,
        0.4797774851322174,
        0.42203962802886963,
        0.5813653469085693,
        0.6921955943107605,
        0.602922797203064,
        0.49532508850097656,
        0.7305907607078552,
        0.529350221157074,
        0.5918264985084534,
        0.3906799852848053,
        0.7427117228507996,
        0.5139965415000916,
        0.7834470272064209,
        0.6707302331924438,
        0.6645925641059875,
        0.7429096102714539,
        0.708876371383667,
        0.7123641967773438,
        0.736939549446106,
        0.6448459029197693,
        0.47019800543785095
      ],
      "v27": [
        0.001131780561991036,
        0.0003634363820310682,
        0.009109060280025005,
        0.012853029184043407,
        0.003853446803987026,
        0.0024435461964458227,
        0.003915491048246622,
        0.003677740227431059,
        0.00127701205201447,
        0.0012170735280960798,
        0.015576831996440887,
        0.0028115257155150175,
        0.0017924185376614332,
        0.0007023270009085536,
        0.005481398198753595,
        0.005653152242302895,
        0.004052272532135248,
        0.0006404989981092513,
        0.00861513614654541,
        0.0013720662100240588,
        0.001182157197035849,
        0.0014079181710258126,
        0.005488717462867498,
        0.0032611084170639515,
        0.005405294708907604,
        0.004276264924556017,
        0.012259237468242645,
        0.0021419363329187036,
        0.0014345577219501138
      ],
      "v28": [
        0.0009268685826100409,
        0.0005516998353414237,
        0.01159647572785616,
        0.0012280992232263088,
        0.002316555008292198,
        0.0023345460649579763,
        0.0011602770537137985,
        0.007586257066577673,
        0.003670032136142254,
        0.0013282354921102524,
        0.0008200164302252233,
        0.0015692964661866426,
        0.0012135641882196069,
        0.0007266979664564133,
        0.004680462647229433,
        0.003086619544774294,
        0.002528413897380233,
        0.0017722065676935017,
        0.012216899544000626,
        0.0005786899127997458,
        9.912437235470861e-05,
        0.0008690741960890591,
        0.0009487433126196265,
        0.002363301580771804,
        0.04476941004395485,
        0.0009718673536553979,
        0.0030633381102234125,
        0.0019891595584340394,
        0.0037731255870312452
      ]
    }
  },
  "eval": {
    "labels": [
      0,
      0,
      0,
      0,
      0,
      0,
      0,
      0,
      0,
      0,
      0,
      0,
      1,
      1,
      1,
      1,
      1,
      1,
      1,
      1,
      1,
      1,
      1,
      1,
      1,
      1,
      1,
      1
    ],
    "scores": {
      "v20": [
        0.6616759300231934,
        0.4256264865398407,
        0.659717321395874,
        0.5744852423667908,
        0.7035204768180847,
        0.36070406436920166,
        0.5627439618110657,
        0.4797752797603607,
        0.628426194190979,
        0.3462347090244293,
        0.5940799713134766,
        0.6645175814628601,
        0.6988950371742249,
        0.5392748117446899,
        0.6477125287055969,
        0.7396273612976074,
        0.6712504029273987,
        0.7012348175048828,
        0.6974186897277832,
        0.5069774985313416,
        0.7523975968360901,
        0.7634789943695068,
        0.8415614366531372,
        0.7017200589179993,
        0.6395764350891113,
        0.6382185816764832,
        0.8314415216445923,
        0.6816285848617554
      ],
      "v27": [
        0.00955228228121996,
        0.000592991360463202,
        0.0013519568601623178,
        0.023477012291550636,
        0.005608552135527134,
        0.00036425949656404555,
        0.0012569873360916972,
        0.003359005553647876,
        0.001881995121948421,
        0.0035599656403064728,
        0.009300974197685719,
        0.006959608756005764,
        0.01713033951818943,
        0.00349884363822639,
        0.0044701281003654,
        0.011266408488154411,
        0.01660112477838993,
        0.002888713963329792,
        0.0028944071382284164,
        0.010232778266072273,
        0.004140936769545078,
        0.10975661873817444,
        0.014073449186980724,
        0.06463021785020828,
        0.011667626909911633,
        0.046841852366924286,
        0.04677022248506546,
        0.01761133410036564
      ],
      "v28": [
        0.000457525224192068,
        0.0009270435548387468,
        0.0006218848866410553,
        0.0007335061090998352,
        0.001769641530700028,
        0.00012224205420352519,
        0.0043562124483287334,
        0.0035969058517366648,
        0.001627531135454774,
        0.007064276374876499,
        0.1570674180984497,
        0.016693146899342537,
        0.0005756732425652444,
        0.0018452054355293512,
        0.0014453193871304393,
        0.005059126764535904,
        0.0026649613864719868,
        0.0006229256978258491,
        0.002510921098291874,
        0.001410530530847609,
        0.001485838321968913,
        0.819357693195343,
        0.06573110818862915,
        0.0109682222828269,
        0.00587774021551013,
        0.03370487317442894,
        0.195428729057312,
        0.6492645740509033
      ]
    }
  },
  "thresholds": {
    "v20": 0.708876371383667,
    "v27": 0.004052272532135248,
    "v28": 0.002363301580771804
  }
}