{
  "singles": {
    "v20": 0.7894736842105263,
    "v27": 0.9172932330827068,
    "v33": 0.5864661654135338
  },
  "eval": "crop=1.0, mean aggregation, n=40 (STEP2 통합)"
}