{
  "version": "v6_ff_only_strongaug",
  "best_val_auc": 0.9637035346886705,
  "test_ff": {
    "name": "TEST_FF",
    "loss": 0.04941223608616668,
    "acc": 0.9133439659755449,
    "f1": 0.9473781303325185,
    "bal_acc": 0.9024243518329662,
    "auc": 0.9625959902447272
  },
  "test_dfdc": {
    "name": "TEST_DFDC",
    "loss": 0.1447957933296264,
    "acc": 0.5912981455064193,
    "f1": 0.7171068871883484,
    "bal_acc": 0.6325359424920127,
    "auc": 0.6860046333274169
  },
  "cross_gap_auc": 0.2765913569173103
}