{
  "version": "v7_combined",
  "best_val_auc": 0.9792619705614298,
  "test_ff": {
    "name": "TEST_FF",
    "loss": 0.07577843674826557,
    "acc": 0.9344953292321714,
    "f1": 0.9615204443552163,
    "bal_acc": 0.8677673039203376,
    "auc": 0.9659319880103258
  },
  "test_dfdc": {
    "name": "TEST_DFDC",
    "loss": 0.03342028776258384,
    "acc": 0.9650499286733238,
    "f1": 0.980292264378603,
    "bal_acc": 0.9344657436989705,
    "auc": 0.9878140160927702
  },
  "cross_gap_auc": -0.021882028082444438,
  "v6_comparison": {
    "v6_test_ff_auc": 0.9626,
    "v6_test_dfdc_auc": 0.686,
    "v6_gap": 0.2766,
    "v7_dfdc_improvement": 0.30181401609277014,
    "v7_gap_reduction": 0.29848202808244445
  }
}