{
  "version": "v8_f3netlite_combined",
  "best_val_auc": 0.9834301988636196,
  "test_ff": {
    "name": "TEST_FF",
    "loss": 0.02405532689408116,
    "acc": 0.9302422723475355,
    "f1": 0.9578911174785101,
    "bal_acc": 0.9220382798432523,
    "auc": 0.973724916051866
  },
  "test_dfdc": {
    "name": "TEST_DFDC",
    "loss": 0.019963674996674164,
    "acc": 0.9320613409415122,
    "f1": 0.96072569838161,
    "bal_acc": 0.937755591054313,
    "auc": 0.988114017571885
  },
  "cross_gap_auc": -0.014389101520019043,
  "comparison": {
    "v6_ff_auc": 0.9626,
    "v6_dfdc_auc": 0.686,
    "v6_gap": 0.2766,
    "v7_ff_auc": 0.9659,
    "v7_dfdc_auc": 0.9878,
    "v7_gap": -0.0219,
    "v8_vs_v7_ff_delta": 0.007824916051865971,
    "v8_vs_v7_dfdc_delta": 0.0003140175718849836
  },
  "model": "F3NetLite (FAD 3-band + SE Fusion)",
  "params_M": 43.997628
}