{
  "idx": "ff_real_03",
  "dataset": "ff",
  "label": 0,
  "image_path": "preprocessed_faces/original/actors/c23/05__podium_speech_happy/frame_0006.jpg",
  "probs": {
    "v7": 0.30835503339767456,
    "v8": 0.03606300801038742,
    "v10": 0.1521233171224594,
    "ensemble": 0.12595494091510773
  },
  "v8_se": {
    "rgb_gate_mean": 0.10626114159822464,
    "freq_gate_mean": 0.11373578011989594,
    "rgb_share": 0.4830119452824155,
    "freq_share": 0.5169880501720664
  },
  "regions": {
    "v7": [
      [
        "중상(눈)",
        0.32297254585968366
      ],
      [
        "우상(이마)",
        0.23635763873516583
      ],
      [
        "중앙(코)",
        0.10341911992907224
      ]
    ],
    "v10": [
      [
        "좌하(턱)",
        0.20831465261112428
      ],
      [
        "좌상(이마)",
        0.20398936961325975
      ],
      [
        "우상(이마)",
        0.16215433417847328
      ]
    ],
    "v8_rgb": [
      [
        "우하(턱)",
        0.3382904084148542
      ],
      [
        "좌하(턱)",
        0.25564283885026834
      ],
      [
        "중하(입)",
        0.17856532469168246
      ]
    ],
    "v8_freq": [
      [
        "우상(이마)",
        0.32086363259130984
      ],
      [
        "좌상(이마)",
        0.26258106882512544
      ],
      [
        "좌중(광대)",
        0.09818841332211255
      ]
    ]
  }
}