{
  "idx": "ff_fake_03",
  "dataset": "ff",
  "label": 1,
  "image_path": "preprocessed_faces/manipulated/DeepFakeDetection/c23/11_01__talking_against_wall__WIZ7GKOD/frame_0023.jpg",
  "probs": {
    "v7": 0.9999693632125854,
    "v8": 0.9991360306739807,
    "v10": 0.7389030456542969,
    "ensemble": 0.9978971481323242
  },
  "v8_se": {
    "rgb_gate_mean": 0.25434499979019165,
    "freq_gate_mean": 0.24377600848674774,
    "rgb_share": 0.5106088581957079,
    "freq_share": 0.48939113979674775
  },
  "regions": {
    "v7": [
      [
        "중앙(코)",
        0.5632489105741274
      ],
      [
        "우중(광대)",
        0.1254446122207591
      ],
      [
        "좌중(광대)",
        0.10585578170761424
      ]
    ],
    "v10": [
      [
        "중앙(코)",
        0.49625740785335737
      ],
      [
        "우중(광대)",
        0.1889069060586974
      ],
      [
        "중상(눈)",
        0.11840096024105912
      ]
    ],
    "v8_rgb": [
      [
        "중앙(코)",
        0.5515496969348557
      ],
      [
        "우중(광대)",
        0.17759325133656573
      ],
      [
        "중하(입)",
        0.13037085820126007
      ]
    ],
    "v8_freq": [
      [
        "중앙(코)",
        0.5449460441998993
      ],
      [
        "우중(광대)",
        0.1430088272817191
      ],
      [
        "좌중(광대)",
        0.13602839332677955
      ]
    ]
  }
}