{
  "idx": "dfdc_fake_02",
  "dataset": "dfdc",
  "label": 1,
  "image_path": "preprocessed_faces/dfdc/fake/esjdyghhog/frame_0023.jpg",
  "probs": {
    "v7": 0.9549734592437744,
    "v8": 0.5278217792510986,
    "v10": 0.684558093547821,
    "ensemble": 0.7881056070327759
  },
  "v8_se": {
    "rgb_gate_mean": 0.12214638292789459,
    "freq_gate_mean": 0.11924668401479721,
    "rgb_share": 0.50600617477919,
    "freq_share": 0.49399382107818895
  },
  "regions": {
    "v7": [
      [
        "중앙(코)",
        0.47078673860078457
      ],
      [
        "좌중(광대)",
        0.18085072975816874
      ],
      [
        "우중(광대)",
        0.13045452236502236
      ]
    ],
    "v10": [
      [
        "중앙(코)",
        0.46563425010232146
      ],
      [
        "우중(광대)",
        0.17126353540053485
      ],
      [
        "좌중(광대)",
        0.11355523774357974
      ]
    ],
    "v8_rgb": [
      [
        "좌중(광대)",
        0.4595127027432111
      ],
      [
        "좌하(턱)",
        0.31933902812793225
      ],
      [
        "우하(턱)",
        0.11771647650769525
      ]
    ],
    "v8_freq": [
      [
        "좌중(광대)",
        0.35392953119309184
      ],
      [
        "중앙(코)",
        0.2626510654605203
      ],
      [
        "좌하(턱)",
        0.21868571144790533
      ]
    ]
  }
}