{
  "idx": "ff_fake_05",
  "dataset": "ff",
  "label": 1,
  "image_path": "preprocessed_faces/manipulated/NeuralTextures/c23/953_974/frame_0025.jpg",
  "probs": {
    "v7": 0.9915779829025269,
    "v8": 0.8723133206367493,
    "v10": 0.7545351982116699,
    "ensemble": 0.9311392903327942
  },
  "v8_se": {
    "rgb_gate_mean": 0.07549016922712326,
    "freq_gate_mean": 0.09579938650131226,
    "rgb_share": 0.4407167060792052,
    "freq_share": 0.5592832880827273
  },
  "regions": {
    "v7": [
      [
        "중앙(코)",
        0.38639026189702896
      ],
      [
        "중하(입)",
        0.293319961999431
      ],
      [
        "좌중(광대)",
        0.13566544291446128
      ]
    ],
    "v10": [
      [
        "중앙(코)",
        0.4535570680124566
      ],
      [
        "중하(입)",
        0.16057348568089022
      ],
      [
        "좌중(광대)",
        0.15152247874183591
      ]
    ],
    "v8_rgb": [
      [
        "중앙(코)",
        0.3971198580092335
      ],
      [
        "좌중(광대)",
        0.16728712092100065
      ],
      [
        "중하(입)",
        0.15480435714891008
      ]
    ],
    "v8_freq": [
      [
        "중하(입)",
        0.4251544978530971
      ],
      [
        "좌하(턱)",
        0.17103044260090777
      ],
      [
        "중앙(코)",
        0.16967892649856195
      ]
    ]
  }
}