{
  "idx": "dfdc_fake_03",
  "dataset": "dfdc",
  "label": 1,
  "image_path": "preprocessed_faces/dfdc/fake/mtfhqqlkgs/frame_0007.jpg",
  "probs": {
    "v7": 1.0,
    "v8": 0.9974846839904785,
    "v10": 0.7250167727470398,
    "ensemble": 0.9998188614845276
  },
  "v8_se": {
    "rgb_gate_mean": 0.16949769854545593,
    "freq_gate_mean": 0.3375449776649475,
    "rgb_share": 0.33428684835363637,
    "freq_share": 0.6657131496741431
  },
  "regions": {
    "v7": [
      [
        "중앙(코)",
        0.4726231301177366
      ],
      [
        "중상(눈)",
        0.17259413762739964
      ],
      [
        "우중(광대)",
        0.13565844455905332
      ]
    ],
    "v10": [
      [
        "중앙(코)",
        0.4262947823361249
      ],
      [
        "우중(광대)",
        0.1424410828085244
      ],
      [
        "중상(눈)",
        0.12200760774844886
      ]
    ],
    "v8_rgb": [
      [
        "중앙(코)",
        0.5062814594822768
      ],
      [
        "우중(광대)",
        0.285696663386816
      ],
      [
        "중하(입)",
        0.06790043897019947
      ]
    ],
    "v8_freq": [
      [
        "중앙(코)",
        0.5406692971432626
      ],
      [
        "우중(광대)",
        0.1632534993652174
      ],
      [
        "중상(눈)",
        0.08720130432373827
      ]
    ]
  }
}