{
  "idx": "dfdc_real_02",
  "dataset": "dfdc",
  "label": 0,
  "image_path": "preprocessed_faces/dfdc/real/qlzfgzyuly/frame_0039.jpg",
  "probs": {
    "v7": 0.16423915326595306,
    "v8": 0.02432587370276451,
    "v10": 0.2290130853652954,
    "ensemble": 0.10178929567337036
  },
  "v8_se": {
    "rgb_gate_mean": 0.12598979473114014,
    "freq_gate_mean": 0.12335605919361115,
    "rgb_share": 0.5052812879891744,
    "freq_share": 0.4947187080003319
  },
  "regions": {
    "v7": [
      [
        "우하(턱)",
        0.34956272367443136
      ],
      [
        "중하(입)",
        0.18791600348237397
      ],
      [
        "중상(눈)",
        0.14223359331063173
      ]
    ],
    "v10": [
      [
        "우하(턱)",
        0.2930935177841094
      ],
      [
        "좌하(턱)",
        0.18190368800637466
      ],
      [
        "우상(이마)",
        0.17900691684506562
      ]
    ],
    "v8_rgb": [
      [
        "중상(눈)",
        0.48531755891563516
      ],
      [
        "우상(이마)",
        0.28002179158136126
      ],
      [
        "좌상(이마)",
        0.11535657454412002
      ]
    ],
    "v8_freq": [
      [
        "좌상(이마)",
        0.3040839092770245
      ],
      [
        "중상(눈)",
        0.26908530101601136
      ],
      [
        "좌하(턱)",
        0.11706436772003506
      ]
    ]
  }
}