{
  "idx": "ff_real_01",
  "dataset": "ff",
  "label": 0,
  "image_path": "preprocessed_faces/original/youtube/c23/585/frame_0020.jpg",
  "probs": {
    "v7": 0.013206797651946545,
    "v8": 0.04205591604113579,
    "v10": 0.10394889861345291,
    "ensemble": 0.03924587368965149
  },
  "v8_se": {
    "rgb_gate_mean": 0.13696271181106567,
    "freq_gate_mean": 0.0745156854391098,
    "rgb_share": 0.6476439813443311,
    "freq_share": 0.3523560139270535
  },
  "regions": {
    "v7": [
      [
        "중상(눈)",
        0.2198361259733452
      ],
      [
        "우하(턱)",
        0.14804502499289013
      ],
      [
        "좌상(이마)",
        0.14588105970141363
      ]
    ],
    "v10": [
      [
        "좌상(이마)",
        0.3286663892042645
      ],
      [
        "우상(이마)",
        0.26861549597112566
      ],
      [
        "우하(턱)",
        0.1067052688939491
      ]
    ],
    "v8_rgb": [
      [
        "좌상(이마)",
        0.21747844606709116
      ],
      [
        "중상(눈)",
        0.19033800261528414
      ],
      [
        "우상(이마)",
        0.16491439260192015
      ]
    ],
    "v8_freq": [
      [
        "중상(눈)",
        0.35974029906989563
      ],
      [
        "좌상(이마)",
        0.2997547960818877
      ],
      [
        "우상(이마)",
        0.17995869078273719
      ]
    ]
  }
}