{
  "idx": "ff_real_04",
  "dataset": "ff",
  "label": 0,
  "image_path": "preprocessed_faces/original/youtube/c23/731/frame_0072.jpg",
  "probs": {
    "v7": 0.6697323322296143,
    "v8": 0.4701315462589264,
    "v10": 0.22791285812854767,
    "ensemble": 0.44746336340904236
  },
  "v8_se": {
    "rgb_gate_mean": 0.09077566862106323,
    "freq_gate_mean": 0.0713927149772644,
    "rgb_share": 0.5597618108233864,
    "freq_share": 0.44023818301018364
  },
  "regions": {
    "v7": [
      [
        "중앙(코)",
        0.3654533798175898
      ],
      [
        "중하(입)",
        0.3606176551012567
      ],
      [
        "좌중(광대)",
        0.0943978402173128
      ]
    ],
    "v10": [
      [
        "좌하(턱)",
        0.23648390576719158
      ],
      [
        "우상(이마)",
        0.18073158962022043
      ],
      [
        "우하(턱)",
        0.175228327073756
      ]
    ],
    "v8_rgb": [
      [
        "좌상(이마)",
        0.22205079055628255
      ],
      [
        "중상(눈)",
        0.18206588036749577
      ],
      [
        "우상(이마)",
        0.17644369311708916
      ]
    ],
    "v8_freq": [
      [
        "중앙(코)",
        0.42583389084091144
      ],
      [
        "중하(입)",
        0.3686194688723785
      ],
      [
        "우중(광대)",
        0.09905968439679506
      ]
    ]
  }
}