{
  "idx": "dfdc_real_03",
  "dataset": "dfdc",
  "label": 0,
  "image_path": "preprocessed_faces/dfdc/real/vtunvalyji/frame_0042.jpg",
  "probs": {
    "v7": 0.9832571148872375,
    "v8": 0.7259498834609985,
    "v10": 0.7016080021858215,
    "ensemble": 0.8773257732391357
  },
  "v8_se": {
    "rgb_gate_mean": 0.05014090612530708,
    "freq_gate_mean": 0.09072627872228622,
    "rgb_share": 0.35594454324909575,
    "freq_share": 0.6440554496520189
  },
  "regions": {
    "v7": [
      [
        "우중(광대)",
        0.2846439310899671
      ],
      [
        "중앙(코)",
        0.27119599032175773
      ],
      [
        "중상(눈)",
        0.24703295923370774
      ]
    ],
    "v10": [
      [
        "중앙(코)",
        0.38287812753147915
      ],
      [
        "좌중(광대)",
        0.238020206765696
      ],
      [
        "우중(광대)",
        0.17203443811012017
      ]
    ],
    "v8_rgb": [
      [
        "우하(턱)",
        0.6453743150752005
      ],
      [
        "중하(입)",
        0.1505133226046388
      ],
      [
        "좌상(이마)",
        0.14380688067180486
      ]
    ],
    "v8_freq": [
      [
        "중상(눈)",
        0.28911940705026895
      ],
      [
        "중앙(코)",
        0.1765370516562068
      ],
      [
        "좌중(광대)",
        0.1258474245907417
      ]
    ]
  }
}