{
  "idx": "dfdc_real_04",
  "dataset": "dfdc",
  "label": 0,
  "image_path": "preprocessed_faces/dfdc/real/wiqdiiskbi/frame_0029.jpg",
  "probs": {
    "v7": 0.01975356973707676,
    "v8": 0.031900592148303986,
    "v10": 0.2531690299510956,
    "ensemble": 0.05734289065003395
  },
  "v8_se": {
    "rgb_gate_mean": 0.1189737617969513,
    "freq_gate_mean": 0.17794494330883026,
    "rgb_share": 0.40069473344183704,
    "freq_share": 0.5993052631902377
  },
  "regions": {
    "v7": [
      [
        "우하(턱)",
        0.2869983263511875
      ],
      [
        "중하(입)",
        0.14260119943542213
      ],
      [
        "우중(광대)",
        0.12981970914944735
      ]
    ],
    "v10": [
      [
        "우하(턱)",
        0.2687142977016072
      ],
      [
        "좌상(이마)",
        0.26213610936632
      ],
      [
        "우상(이마)",
        0.1751134685667396
      ]
    ],
    "v8_rgb": [
      [
        "우상(이마)",
        0.33807501475681545
      ],
      [
        "좌상(이마)",
        0.18936883087124456
      ],
      [
        "중상(눈)",
        0.17103687227902126
      ]
    ],
    "v8_freq": [
      [
        "중상(눈)",
        0.2961351404658167
      ],
      [
        "우상(이마)",
        0.2604549422088001
      ],
      [
        "좌상(이마)",
        0.1531339161179797
      ]
    ]
  }
}