{
  "idx": "dfdc_fake_05",
  "dataset": "dfdc",
  "label": 1,
  "image_path": "preprocessed_faces/dfdc/fake/jwuyeomibc/frame_0018.jpg",
  "probs": {
    "v7": 0.9999867677688599,
    "v8": 0.9944559931755066,
    "v10": 0.7968060970306396,
    "ensemble": 0.9973457455635071
  },
  "v8_se": {
    "rgb_gate_mean": 0.16823959350585938,
    "freq_gate_mean": 0.33717939257621765,
    "rgb_share": 0.3328715339270352,
    "freq_share": 0.6671284640944084
  },
  "regions": {
    "v7": [
      [
        "중앙(코)",
        0.4187256522677719
      ],
      [
        "우중(광대)",
        0.3110738405976942
      ],
      [
        "중상(눈)",
        0.13635793062302531
      ]
    ],
    "v10": [
      [
        "중앙(코)",
        0.3737590254988807
      ],
      [
        "우중(광대)",
        0.2288829755682493
      ],
      [
        "중상(눈)",
        0.11762754541297345
      ]
    ],
    "v8_rgb": [
      [
        "중상(눈)",
        0.32306124753839177
      ],
      [
        "우중(광대)",
        0.17326706407619147
      ],
      [
        "우상(이마)",
        0.15225102821802403
      ]
    ],
    "v8_freq": [
      [
        "중앙(코)",
        0.39462330647202665
      ],
      [
        "우중(광대)",
        0.3816976012437886
      ],
      [
        "중상(눈)",
        0.10065314539196434
      ]
    ]
  }
}