{
  "idx": "dfdc_real_01",
  "dataset": "dfdc",
  "label": 0,
  "image_path": "preprocessed_faces/dfdc/real/fztpqmvlzp/frame_0036.jpg",
  "probs": {
    "v7": 9.410541679244488e-05,
    "v8": 0.00022292269568424672,
    "v10": 0.1298065036535263,
    "ensemble": 0.001460699480958283
  },
  "v8_se": {
    "rgb_gate_mean": 0.16999270021915436,
    "freq_gate_mean": 0.25911059975624084,
    "rgb_share": 0.3961579876750977,
    "freq_share": 0.603842009994461
  },
  "regions": {
    "v7": [
      [
        "우상(이마)",
        0.2936646678355648
      ],
      [
        "중하(입)",
        0.16228455478120862
      ],
      [
        "중상(눈)",
        0.12737760866134462
      ]
    ],
    "v10": [
      [
        "좌상(이마)",
        0.29092415953592765
      ],
      [
        "좌중(광대)",
        0.22646883433777695
      ],
      [
        "우상(이마)",
        0.20304633886069184
      ]
    ],
    "v8_rgb": [
      [
        "좌상(이마)",
        0.350987726815032
      ],
      [
        "중상(눈)",
        0.23886910125013244
      ],
      [
        "우상(이마)",
        0.1949948404334826
      ]
    ],
    "v8_freq": [
      [
        "우상(이마)",
        0.24562208796484664
      ],
      [
        "좌하(턱)",
        0.20908458203410707
      ],
      [
        "좌중(광대)",
        0.17955623013305752
      ]
    ]
  }
}