{
  "idx": "dfdc_fake_04",
  "dataset": "dfdc",
  "label": 1,
  "image_path": "preprocessed_faces/dfdc/fake/gxuncqgppg/frame_0008.jpg",
  "probs": {
    "v7": 0.9996107220649719,
    "v8": 0.9872913956642151,
    "v10": 0.7594088912010193,
    "ensemble": 0.9884669780731201
  },
  "v8_se": {
    "rgb_gate_mean": 0.1458163857460022,
    "freq_gate_mean": 0.19438359141349792,
    "rgb_share": 0.42861962112659896,
    "freq_share": 0.5713803759339534
  },
  "regions": {
    "v7": [
      [
        "중앙(코)",
        0.4067924022672276
      ],
      [
        "우중(광대)",
        0.3613609731013681
      ],
      [
        "중상(눈)",
        0.08020377826707344
      ]
    ],
    "v10": [
      [
        "중앙(코)",
        0.41067538372868245
      ],
      [
        "우중(광대)",
        0.2412261501410889
      ],
      [
        "중상(눈)",
        0.11811431509708355
      ]
    ],
    "v8_rgb": [
      [
        "중앙(코)",
        0.3067919444250592
      ],
      [
        "중상(눈)",
        0.25072176644482885
      ],
      [
        "우중(광대)",
        0.11379646318481683
      ]
    ],
    "v8_freq": [
      [
        "우중(광대)",
        0.37463588160118805
      ],
      [
        "중앙(코)",
        0.344448616705964
      ],
      [
        "중상(눈)",
        0.11729078059134443
      ]
    ]
  }
}