{
  "csv": "splits_v11_v2/test_v11.csv",
  "n_sample": 1200,
  "n_real": 600,
  "n_fake": 600,
  "baseline": "q=80, s=1.0",
  "grid": {
    "q30_s0.5": {
      "jpeg_q": 30,
      "scale": 0.5,
      "auc": 1.0,
      "real_mean": 0.10813552689738572,
      "fake_mean": 0.8542025718092918,
      "gap": 0.7460670449119061
    },
    "q30_s0.75": {
      "jpeg_q": 30,
      "scale": 0.75,
      "auc": 1.0,
      "real_mean": 0.10512859094267091,
      "fake_mean": 0.8509046689669291,
      "gap": 0.7457760780242582
    },
    "q30_s1.0": {
      "jpeg_q": 30,
      "scale": 1.0,
      "auc": 1.0,
      "real_mean": 0.10291911738924682,
      "fake_mean": 0.8471848313013712,
      "gap": 0.7442657139121244
    },
    "q30_s1.5": {
      "jpeg_q": 30,
      "scale": 1.5,
      "auc": 1.0,
      "real_mean": 0.10413539974329372,
      "fake_mean": 0.849050543109576,
      "gap": 0.7449151433662822
    },
    "q50_s0.5": {
      "jpeg_q": 50,
      "scale": 0.5,
      "auc": 1.0,
      "real_mean": 0.11493315591166417,
      "fake_mean": 0.857002801199754,
      "gap": 0.7420696452880898
    },
    "q50_s0.75": {
      "jpeg_q": 50,
      "scale": 0.75,
      "auc": 1.0,
      "real_mean": 0.11067713630696138,
      "fake_mean": 0.8525766025980314,
      "gap": 0.74189946629107
    },
    "q50_s1.0": {
      "jpeg_q": 50,
      "scale": 1.0,
      "auc": 1.0,
      "real_mean": 0.10770869239854317,
      "fake_mean": 0.8503471419215203,
      "gap": 0.7426384495229771
    },
    "q50_s1.5": {
      "jpeg_q": 50,
      "scale": 1.5,
      "auc": 1.0,
      "real_mean": 0.1093030918793132,
      "fake_mean": 0.8518103230992953,
      "gap": 0.7425072312199821
    },
    "q70_s0.5": {
      "jpeg_q": 70,
      "scale": 0.5,
      "auc": 1.0,
      "real_mean": 0.11870570299215615,
      "fake_mean": 0.8535946201284726,
      "gap": 0.7348889171363165
    },
    "q70_s0.75": {
      "jpeg_q": 70,
      "scale": 0.75,
      "auc": 1.0,
      "real_mean": 0.11386241887385647,
      "fake_mean": 0.8489408086736997,
      "gap": 0.7350783897998432
    },
    "q70_s1.0": {
      "jpeg_q": 70,
      "scale": 1.0,
      "auc": 1.0,
      "real_mean": 0.10943717044467727,
      "fake_mean": 0.847586970726649,
      "gap": 0.7381498002819717
    },
    "q70_s1.5": {
      "jpeg_q": 70,
      "scale": 1.5,
      "auc": 1.0,
      "real_mean": 0.11119436026240388,
      "fake_mean": 0.8483765425284704,
      "gap": 0.7371821822660665
    },
    "q80_s0.5": {
      "jpeg_q": 80,
      "scale": 0.5,
      "auc": 1.0,
      "real_mean": 0.1195410302747041,
      "fake_mean": 0.8510706795255343,
      "gap": 0.7315296492508302
    },
    "q80_s0.75": {
      "jpeg_q": 80,
      "scale": 0.75,
      "auc": 1.0,
      "real_mean": 0.11409578196083506,
      "fake_mean": 0.8472155293822289,
      "gap": 0.7331197474213939
    },
    "q80_s1.0": {
      "jpeg_q": 80,
      "scale": 1.0,
      "auc": 1.0,
      "real_mean": 0.10995481023875375,
      "fake_mean": 0.8451518620053927,
      "gap": 0.735197051766639
    },
    "q80_s1.5": {
      "jpeg_q": 80,
      "scale": 1.5,
      "auc": 1.0,
      "real_mean": 0.11178010302906236,
      "fake_mean": 0.8454649724562963,
      "gap": 0.7336848694272339
    },
    "q90_s0.5": {
      "jpeg_q": 90,
      "scale": 0.5,
      "auc": 1.0,
      "real_mean": 0.12127324658756455,
      "fake_mean": 0.8490549412369728,
      "gap": 0.7277816946494082
    },
    "q90_s0.75": {
      "jpeg_q": 90,
      "scale": 0.75,
      "auc": 1.0,
      "real_mean": 0.11489097772166133,
      "fake_mean": 0.8448296414812406,
      "gap": 0.7299386637595793
    },
    "q90_s1.0": {
      "jpeg_q": 90,
      "scale": 1.0,
      "auc": 1.0,
      "real_mean": 0.1100378217175603,
      "fake_mean": 0.8433011849721272,
      "gap": 0.733263363254567
    },
    "q90_s1.5": {
      "jpeg_q": 90,
      "scale": 1.5,
      "auc": 1.0,
      "real_mean": 0.11245683005390068,
      "fake_mean": 0.8436346274614334,
      "gap": 0.7311777974075326
    },
    "q100_s0.5": {
      "jpeg_q": 100,
      "scale": 0.5,
      "auc": 1.0,
      "real_mean": 0.12216241321216027,
      "fake_mean": 0.8519873041907946,
      "gap": 0.7298248909786343
    },
    "q100_s0.75": {
      "jpeg_q": 100,
      "scale": 0.75,
      "auc": 1.0,
      "real_mean": 0.11518448875596125,
      "fake_mean": 0.8480525824427605,
      "gap": 0.7328680936867993
    },
    "q100_s1.0": {
      "jpeg_q": 100,
      "scale": 1.0,
      "auc": 1.0,
      "real_mean": 0.10995185513359805,
      "fake_mean": 0.8489913262923559,
      "gap": 0.7390394711587578
    },
    "q100_s1.5": {
      "jpeg_q": 100,
      "scale": 1.5,
      "auc": 1.0,
      "real_mean": 0.11222848229731122,
      "fake_mean": 0.8478846606612206,
      "gap": 0.7356561783639094
    }
  }
}