{
  "baseline_eq": {
    "weights": {
      "v7": 1.0,
      "v8": 1.0,
      "v10": 1.0
    },
    "s1_thr": 0.5,
    "s2_thr": 0.6,
    "stage1_auc": 0.7491179154125924,
    "cascade": {
      "tp": 12099,
      "fn": 2,
      "fp": 665,
      "tn": 5093,
      "acc": 0.9626518842040428,
      "tpr": 0.9998347244029419,
      "fpr": 0.11549149010072941,
      "fp_at_stage1": 665,
      "fp_at_stage2": 0
    }
  },
  "v7_w0.7": {
    "weights": {
      "v7": 0.7,
      "v8": 1.0,
      "v10": 1.0
    },
    "s1_thr": 0.5,
    "s2_thr": 0.6,
    "stage1_auc": 0.7591476153627542,
    "cascade": {
      "tp": 12099,
      "fn": 2,
      "fp": 608,
      "tn": 5150,
      "acc": 0.9658435522705638,
      "tpr": 0.9998347244029419,
      "fpr": 0.1055922195206669,
      "fp_at_stage1": 608,
      "fp_at_stage2": 0
    }
  },
  "v7_w0.5": {
    "weights": {
      "v7": 0.5,
      "v8": 1.0,
      "v10": 1.0
    },
    "s1_thr": 0.5,
    "s2_thr": 0.6,
    "stage1_auc": 0.7679835162994663,
    "cascade": {
      "tp": 12099,
      "fn": 2,
      "fp": 554,
      "tn": 5204,
      "acc": 0.968867237807268,
      "tpr": 0.9998347244029419,
      "fpr": 0.0962139631816603,
      "fp_at_stage1": 554,
      "fp_at_stage2": 0
    }
  },
  "v7_w0.3": {
    "weights": {
      "v7": 0.3,
      "v8": 1.0,
      "v10": 1.0
    },
    "s1_thr": 0.5,
    "s2_thr": 0.6,
    "stage1_auc": 0.7790768155221514,
    "cascade": {
      "tp": 12098,
      "fn": 3,
      "fp": 473,
      "tn": 5285,
      "acc": 0.9733467719357187,
      "tpr": 0.9997520866044128,
      "fpr": 0.0821465786731504,
      "fp_at_stage1": 473,
      "fp_at_stage2": 0
    }
  },
  "v7_w0.1": {
    "weights": {
      "v7": 0.1,
      "v8": 1.0,
      "v10": 1.0
    },
    "s1_thr": 0.5,
    "s2_thr": 0.6,
    "stage1_auc": 0.7928545371811109,
    "cascade": {
      "tp": 12098,
      "fn": 3,
      "fp": 396,
      "tn": 5362,
      "acc": 0.9776583235343524,
      "tpr": 0.9997520866044128,
      "fpr": 0.06877387981938173,
      "fp_at_stage1": 396,
      "fp_at_stage2": 0
    }
  },
  "thr0.55_eq": {
    "weights": {
      "v7": 1.0,
      "v8": 1.0,
      "v10": 1.0
    },
    "s1_thr": 0.55,
    "s2_thr": 0.6,
    "stage1_auc": 0.7491179154125924,
    "cascade": {
      "tp": 12099,
      "fn": 2,
      "fp": 584,
      "tn": 5174,
      "acc": 0.967187412509099,
      "tpr": 0.9998347244029419,
      "fpr": 0.10142410559221952,
      "fp_at_stage1": 584,
      "fp_at_stage2": 0
    }
  },
  "thr0.60_eq": {
    "weights": {
      "v7": 1.0,
      "v8": 1.0,
      "v10": 1.0
    },
    "s1_thr": 0.6,
    "s2_thr": 0.6,
    "stage1_auc": 0.7491179154125924,
    "cascade": {
      "tp": 12098,
      "fn": 3,
      "fp": 509,
      "tn": 5249,
      "acc": 0.9713309815779159,
      "tpr": 0.9997520866044128,
      "fpr": 0.08839874956582147,
      "fp_at_stage1": 509,
      "fp_at_stage2": 0
    }
  },
  "v7_w0.5_thr0.55": {
    "weights": {
      "v7": 0.5,
      "v8": 1.0,
      "v10": 1.0
    },
    "s1_thr": 0.55,
    "s2_thr": 0.6,
    "stage1_auc": 0.7679835162994663,
    "cascade": {
      "tp": 12097,
      "fn": 4,
      "fp": 469,
      "tn": 5289,
      "acc": 0.9735147544655356,
      "tpr": 0.9996694488058838,
      "fpr": 0.08145189301840917,
      "fp_at_stage1": 469,
      "fp_at_stage2": 0
    }
  },
  "v7_w0.3_thr0.55": {
    "weights": {
      "v7": 0.3,
      "v8": 1.0,
      "v10": 1.0
    },
    "s1_thr": 0.55,
    "s2_thr": 0.6,
    "stage1_auc": 0.7790768155221514,
    "cascade": {
      "tp": 12096,
      "fn": 5,
      "fp": 396,
      "tn": 5362,
      "acc": 0.9775463351811412,
      "tpr": 0.9995868110073548,
      "fpr": 0.06877387981938173,
      "fp_at_stage1": 396,
      "fp_at_stage2": 0
    }
  }
}