{
  "idx": "ff_fake_04",
  "dataset": "ff",
  "label": 1,
  "image_path": "preprocessed_faces/manipulated/DeepFakeDetection/c23/06_18__walking_and_outside_surprised__MVXBDKGB/frame_0009.jpg",
  "probs": {
    "v7": 0.900196373462677,
    "v8": 0.610217273235321,
    "v10": 0.5185283422470093,
    "ensemble": 0.712439239025116
  },
  "v8_se": {
    "rgb_gate_mean": 0.05036972463130951,
    "freq_gate_mean": 0.08610405027866364,
    "rgb_share": 0.36907987850014945,
    "freq_share": 0.6309201141724355
  },
  "regions": {
    "v7": [
      [
        "중앙(코)",
        0.2720037082231299
      ],
      [
        "우하(턱)",
        0.18194852311731907
      ],
      [
        "좌중(광대)",
        0.17907336692346296
      ]
    ],
    "v10": [
      [
        "우상(이마)",
        0.30217180138514255
      ],
      [
        "우중(광대)",
        0.2848839707915326
      ],
      [
        "중앙(코)",
        0.2647411372142127
      ]
    ],
    "v8_rgb": [
      [
        "중상(눈)",
        0.20556055792146422
      ],
      [
        "중앙(코)",
        0.1537900444315256
      ],
      [
        "중하(입)",
        0.14596317675168222
      ]
    ],
    "v8_freq": [
      [
        "우중(광대)",
        0.24915689325282805
      ],
      [
        "중상(눈)",
        0.22242622779071128
      ],
      [
        "중앙(코)",
        0.1701547527724589
      ]
    ]
  }
}