{
  "idx": "ff_fake_01",
  "dataset": "ff",
  "label": 1,
  "image_path": "preprocessed_faces/manipulated/Deepfakes/c23/183_253/frame_0009.jpg",
  "probs": {
    "v7": 0.9998964071273804,
    "v8": 0.9983100891113281,
    "v10": 0.7554556727409363,
    "ensemble": 0.9961710572242737
  },
  "v8_se": {
    "rgb_gate_mean": 0.2516292333602905,
    "freq_gate_mean": 0.27147647738456726,
    "rgb_share": 0.48102941281402306,
    "freq_share": 0.5189705852743175
  },
  "regions": {
    "v7": [
      [
        "중앙(코)",
        0.5510668343363976
      ],
      [
        "중하(입)",
        0.13115992324445339
      ],
      [
        "우중(광대)",
        0.12153382588744757
      ]
    ],
    "v10": [
      [
        "중앙(코)",
        0.42916440146173723
      ],
      [
        "우중(광대)",
        0.13509080499762552
      ],
      [
        "좌중(광대)",
        0.12155792314950942
      ]
    ],
    "v8_rgb": [
      [
        "중앙(코)",
        0.5393842803154596
      ],
      [
        "우중(광대)",
        0.17550573445891846
      ],
      [
        "좌중(광대)",
        0.1402026442871395
      ]
    ],
    "v8_freq": [
      [
        "중앙(코)",
        0.6213533542246102
      ],
      [
        "우중(광대)",
        0.15769538541397626
      ],
      [
        "좌중(광대)",
        0.0811771790054226
      ]
    ]
  }
}