{
  "eval_config": {
    "img_size": 299,
    "max_frames": 5,
    "frame_step": 30,
    "crop_scale": 1.0,
    "ensemble_w_v20": 0.25,
    "ensemble_w_v27": 0.75
  },
  "results": {
    "v20": {
      "n": 140,
      "n_real": 70,
      "n_fake": 70,
      "auc": 0.6738775510204081,
      "best_thr": 0.5966313362121582,
      "acc": 0.6571428571428571,
      "real_mean": 0.5677867556895528,
      "fake_mean": 0.6338175502206599,
      "labels": [
        0,
        0,
        0,
        0,
        0,
        0,
        0,
        0,
        0,
        0,
        0,
        0,
        0,
        0,
        0,
        0,
        0,
        0,
        0,
        0,
        0,
        0,
        0,
        0,
        0,
        0,
        0,
        0,
        0,
        0,
        0,
        0,
        0,
        0,
        0,
        0,
        0,
        0,
        0,
        0,
        0,
        0,
        0,
        0,
        0,
        0,
        0,
        0,
        0,
        0,
        0,
        0,
        0,
        0,
        0,
        0,
        0,
        0,
        0,
        0,
        0,
        0,
        0,
        0,
        0,
        0,
        0,
        0,
        0,
        0,
        1,
        1,
        1,
        1,
        1,
        1,
        1,
        1,
        1,
        1,
        1,
        1,
        1,
        1,
        1,
        1,
        1,
        1,
        1,
        1,
        1,
        1,
        1,
        1,
        1,
        1,
        1,
        1,
        1,
        1,
        1,
        1,
        1,
        1,
        1,
        1,
        1,
        1,
        1,
        1,
        1,
        1,
        1,
        1,
        1,
        1,
        1,
        1,
        1,
        1,
        1,
        1,
        1,
        1,
        1,
        1,
        1,
        1,
        1,
        1,
        1,
        1,
        1,
        1,
        1,
        1,
        1,
        1,
        1,
        1
      ],
      "scores": [
        0.627059954404831,
        0.5418211162090302,
        0.624723207950592,
        0.5532830417156219,
        0.6117901146411896,
        0.64697345495224,
        0.6036181926727295,
        0.46569710969924927,
        0.6502351880073547,
        0.5990308880805969,
        0.4778962016105652,
        0.6042355000972748,
        0.37781869173049926,
        0.6363397240638733,
        0.43152356445789336,
        0.48507043719291687,
        0.6842287331819534,
        0.4411129653453827,
        0.3958940625190735,
        0.6408151745796203,
        0.4691200375556946,
        0.6393428921699524,
        0.5892706274986267,
        0.6242233753204346,
        0.6348113656044007,
        0.6860340893268585,
        0.6467144966125489,
        0.6192340314388275,
        0.5550869047641754,
        0.5927779078483582,
        0.6397043824195862,
        0.5266797363758087,
        0.42125519514083865,
        0.49536656141281127,
        0.4675102174282074,
        0.3372650593519211,
        0.7163919091224671,
        0.5893037438392639,
        0.23670735955238342,
        0.4736817002296448,
        0.6702938079833984,
        0.5842347502708435,
        0.6510053038597107,
        0.6360877275466919,
        0.6716526985168457,
        0.5952556848526,
        0.6975276231765747,
        0.3928931415081024,
        0.7063928842544556,
        0.6374835848808289,
        0.6118493437767029,
        0.5924048721790314,
        0.5307815849781037,
        0.5657818555831909,
        0.7010509967803955,
        0.6270253896713257,
        0.6509409308433532,
        0.6684194684028626,
        0.449330997467041,
        0.658691132068634,
        0.5259619414806366,
        0.6516918778419495,
        0.5248825788497925,
        0.6454469680786132,
        0.3541082441806793,
        0.4860131084918976,
        0.4751430094242096,
        0.7123780608177185,
        0.3065146505832672,
        0.7041797637939453,
        0.6664960980415344,
        0.5983312129974365,
        0.6648145914077759,
        0.6525716781616211,
        0.6683853387832641,
        0.6043798565864563,
        0.6011513113975525,
        0.6050386309623719,
        0.6596716284751892,
        0.7262209177017211,
        0.5992531895637512,
        0.6387557983398438,
        0.6080077052116394,
        0.617271077632904,
        0.6293376326560974,
        0.6475250601768494,
        0.6556698679924011,
        0.6684539020061493,
        0.62691890001297,
        0.6167909741401673,
        0.703402292728424,
        0.6256659626960754,
        0.6885981559753418,
        0.5771872818470001,
        0.7694117426872253,
        0.6803025960922241,
        0.5290319800376893,
        0.452040022611618,
        0.5212859570980072,
        0.6144909620285034,
        0.6769541025161743,
        0.5263001799583436,
        0.5277953743934631,
        0.6306081771850586,
        0.7346201181411743,
        0.6246137976646423,
        0.6729486107826232,
        0.5493428766727447,
        0.6381528556346894,
        0.7856707572937012,
        0.6684583842754364,
        0.6623146772384644,
        0.7129810571670532,
        0.6312858387827873,
        0.5683700501918793,
        0.5966313362121582,
        0.6771740913391113,
        0.6511312603950501,
        0.5287944614887238,
        0.6231914639472962,
        0.6029852747917175,
        0.623881071805954,
        0.6491153597831726,
        0.6287963509559631,
        0.6926623940467834,
        0.5447079628705979,
        0.6523363351821899,
        0.6571512460708618,
        0.6637248396873474,
        0.5846304476261139,
        0.6343376994132995,
        0.7086937546730041,
        0.6101757287979126,
        0.6592889845371246,
        0.7130737543106079,
        0.6685656547546387,
        0.6289912819862366,
        0.6415006279945373,
        0.6361714720726013,
        0.5626364767551422
      ]
    },
    "v27": {
      "n": 140,
      "n_real": 70,
      "n_fake": 70,
      "auc": 0.7697959183673468,
      "best_thr": 0.010005038301460444,
      "acc": 0.7142857142857143,
      "real_mean": 0.008428794271679052,
      "fake_mean": 0.035763622899201965,
      "labels": [
        0,
        0,
        0,
        0,
        0,
        0,
        0,
        0,
        0,
        0,
        0,
        0,
        0,
        0,
        0,
        0,
        0,
        0,
        0,
        0,
        0,
        0,
        0,
        0,
        0,
        0,
        0,
        0,
        0,
        0,
        0,
        0,
        0,
        0,
        0,
        0,
        0,
        0,
        0,
        0,
        0,
        0,
        0,
        0,
        0,
        0,
        0,
        0,
        0,
        0,
        0,
        0,
        0,
        0,
        0,
        0,
        0,
        0,
        0,
        0,
        0,
        0,
        0,
        0,
        0,
        0,
        0,
        0,
        0,
        0,
        1,
        1,
        1,
        1,
        1,
        1,
        1,
        1,
        1,
        1,
        1,
        1,
        1,
        1,
        1,
        1,
        1,
        1,
        1,
        1,
        1,
        1,
        1,
        1,
        1,
        1,
        1,
        1,
        1,
        1,
        1,
        1,
        1,
        1,
        1,
        1,
        1,
        1,
        1,
        1,
        1,
        1,
        1,
        1,
        1,
        1,
        1,
        1,
        1,
        1,
        1,
        1,
        1,
        1,
        1,
        1,
        1,
        1,
        1,
        1,
        1,
        1,
        1,
        1,
        1,
        1,
        1,
        1,
        1,
        1
      ],