{
  "idx": "ff_real_05",
  "dataset": "ff",
  "label": 0,
  "image_path": "preprocessed_faces/original/youtube/c23/028/frame_0010.jpg",
  "probs": {
    "v7": 0.23040562868118286,
    "v8": 0.12605102360248566,
    "v10": 0.12376737594604492,
    "ensemble": 0.15448331832885742
  },
  "v8_se": {
    "rgb_gate_mean": 0.11459958553314209,
    "freq_gate_mean": 0.06440819799900055,
    "rgb_share": 0.6401933068590354,
    "freq_share": 0.3598066875546153
  },
  "regions": {
    "v7": [
      [
        "우상(이마)",
        0.21226920439015717
      ],
      [
        "중상(눈)",
        0.20384928127035365
      ],
      [
        "좌상(이마)",
        0.1623947277263395
      ]
    ],
    "v10": [
      [
        "좌상(이마)",
        0.24861159497734073
      ],
      [
        "우상(이마)",
        0.22397860678919249
      ],
      [
        "우하(턱)",
        0.13550637017713746
      ]
    ],
    "v8_rgb": [
      [
        "우상(이마)",
        0.2899555172031914
      ],
      [
        "좌상(이마)",
        0.23703366164908413
      ],
      [
        "중상(눈)",
        0.1983038128122216
      ]
    ],
    "v8_freq": [
      [
        "중상(눈)",
        0.4016483790336772
      ],
      [
        "우상(이마)",
        0.301751928717791
      ],
      [
        "좌상(이마)",
        0.22985601310798565
      ]
    ]
  }
}