{
  "idx": "ff_fake_02",
  "dataset": "ff",
  "label": 1,
  "image_path": "preprocessed_faces/manipulated/DeepFakeDetection/c23/27_25__outside_talking_pan_laughing__GNIMW95Z/frame_0105.jpg",
  "probs": {
    "v7": 0.9999834299087524,
    "v8": 0.9849050641059875,
    "v10": 0.7729240655899048,
    "ensemble": 0.9958062171936035
  },
  "v8_se": {
    "rgb_gate_mean": 0.14847704768180847,
    "freq_gate_mean": 0.1497342884540558,
    "rgb_share": 0.49789202888072204,
    "freq_share": 0.5021079677659513
  },
  "regions": {
    "v7": [
      [
        "중앙(코)",
        0.5277552641324497
      ],
      [
        "중상(눈)",
        0.11364772510796141
      ],
      [
        "우중(광대)",
        0.10897295916952038
      ]
    ],
    "v10": [
      [
        "중앙(코)",
        0.40418047677436303
      ],
      [
        "우중(광대)",
        0.14145294581872472
      ],
      [
        "좌중(광대)",
        0.13182772725605435
      ]
    ],
    "v8_rgb": [
      [
        "중앙(코)",
        0.5912574302127227
      ],
      [
        "우중(광대)",
        0.13038165606228777
      ],
      [
        "좌중(광대)",
        0.1254586067843164
      ]
    ],
    "v8_freq": [
      [
        "중앙(코)",
        0.47332463927166507
      ],
      [
        "좌하(턱)",
        0.1609078327248861
      ],
      [
        "좌중(광대)",
        0.13521221560256716
      ]
    ]
  }
}