{
  "idx": "dfdc_real_05",
  "dataset": "dfdc",
  "label": 0,
  "image_path": "preprocessed_faces/dfdc/real/fxeuoygimr/frame_0029.jpg",
  "probs": {
    "v7": 0.0011853532632812858,
    "v8": 0.00031118851620703936,
    "v10": 0.16240368783473969,
    "ensemble": 0.0041358135640621185
  },
  "v8_se": {
    "rgb_gate_mean": 0.19744724035263062,
    "freq_gate_mean": 0.1837732493877411,
    "rgb_share": 0.5179344897467777,
    "freq_share": 0.4820655076300684
  },
  "regions": {
    "v7": [
      [
        "우하(턱)",
        0.15589974476151747
      ],
      [
        "중상(눈)",
        0.14455764349604153
      ],
      [
        "중하(입)",
        0.14013276389825913
      ]
    ],
    "v10": [
      [
        "좌상(이마)",
        0.2681172578319954
      ],
      [
        "우하(턱)",
        0.2257345379163518
      ],
      [
        "좌중(광대)",
        0.15257280945600424
      ]
    ],
    "v8_rgb": [
      [
        "우상(이마)",
        0.2936882955055642
      ],
      [
        "좌상(이마)",
        0.28803310801075094
      ],
      [
        "중상(눈)",
        0.25387933454457334
      ]
    ],
    "v8_freq": [
      [
        "우하(턱)",
        0.2840847316911241
      ],
      [
        "좌하(턱)",
        0.18566637139465167
      ],
      [
        "중하(입)",
        0.17027627702467082
      ]
    ]
  }
}